,adaboost,ann,decision tree,knn,linearSVM,logistic regression,random forrest
0,0.08791208791208792,0.07032967032967033,0.03956043956043956,0.09010989010989011,0.11868131868131868,0.08791208791208792,0.1054945054945055
