,adaboost,ann,decision tree,knn,linearSVM,logistic regression,random forrest
0,0.061381074168797956,0.14578005115089515,0.08951406649616368,0.12276214833759591,0.17135549872122763,0.14578005115089515,0.09462915601023018
