,adaboost,ann,decision tree,knn,linearSVM,logistic regression,random forrest
0,0.32571428571428573,0.32,0.29714285714285715,0.29714285714285715,0.30857142857142855,0.3142857142857143,0.24571428571428572
