,adaboost,ann,decision tree,knn,linearSVM,logistic regression,random forrest
0,0.2,0.23333333333333334,0.3,0.23333333333333334,0.16666666666666666,0.3,0.23333333333333334
