,adaboost,ann,decision tree,knn,linearSVM,logistic regression,random forrest
0,0.2833333333333333,0.3333333333333333,0.25,0.3333333333333333,0.35,0.38333333333333336,0.43333333333333335
