,adaboost,ann,decision tree,knn,linearSVM,logistic regression,random forrest
0,0.32555555555555554,0.29444444444444445,0.32,0.29555555555555557,0.2966666666666667,0.31555555555555553,0.31555555555555553
