,adaboost,ann,decision tree,knn,linearSVM,logistic regression,random forrest
0,0.45755208333333336,0.4622395833333333,0.4080729166666667,0.4205729166666667,0.5296875,0.5174479166666667,0.43854166666666666
