,adaboost,ann,decision tree,knn,linearSVM,logistic regression,random forrest
0,0.28695652173913044,0.35942028985507246,0.29057971014492756,0.336231884057971,0.3442028985507246,0.36666666666666664,0.3159420289855073
