,adaboost,ann,decision tree,knn,linearSVM,logistic regression,random forrest
0,0.6428571428571429,0.8214285714285714,0.5357142857142857,0.6428571428571429,0.8214285714285714,0.75,0.6428571428571429
