,adaboost,ann,decision tree,knn,linearSVM,logistic regression,random forrest
0,0.17692307692307693,0.2512820512820513,0.1358974358974359,0.2692307692307692,0.3128205128205128,0.2717948717948718,0.21025641025641026
