,adaboost,ann,decision tree,knn,linearSVM,logistic regression,random forrest
0,0.10256410256410256,0.1076923076923077,0.1076923076923077,0.09487179487179487,0.11538461538461539,0.11794871794871795,0.13076923076923078
