,adaboost,ann,decision tree,knn,linearSVM,logistic regression,random forrest
0,0.09743589743589744,0.14871794871794872,0.09743589743589744,0.1641025641025641,0.18974358974358974,0.15897435897435896,0.10256410256410256
