,adaboost,ann,decision tree,knn,linearSVM,logistic regression,random forrest
0,0.30392156862745096,0.30392156862745096,0.32679738562091504,0.3660130718954248,0.2908496732026144,0.30392156862745096,0.3137254901960784
