,adaboost,ann,decision tree,knn,linearSVM,logistic regression,random forrest
0,0.5633333333333334,0.5,0.49666666666666665,0.5033333333333333,0.6033333333333334,0.5466666666666666,0.5116666666666667
