,adaboost,ann,decision tree,knn,linearSVM,logistic regression,random forrest
0,0.6956521739130435,0.7236024844720497,0.6490683229813664,0.782608695652174,0.8198757763975155,0.7701863354037267,0.7732919254658385
