,adaboost,ann,decision tree,knn,linearSVM,logistic regression,random forrest
0,0.4751111111111111,0.5926666666666667,0.43844444444444447,0.5468888888888889,0.5713333333333334,0.7388888888888889,0.572
