,adaboost,ann,decision tree,knn,linearSVM,logistic regression,random forrest
0,0.4181184668989547,0.4181184668989547,0.445993031358885,0.45063879210220675,0.4518002322880372,0.4169570267131243,0.4436701509872242
