,adaboost,ann,decision tree,knn,linearSVM,logistic regression,random forrest
0,0.2785630916872001,0.32486058876929064,0.35157567111918037,0.5071975100505771,0.41991959538321877,0.345739852159253,0.41058228504733496
