,adaboost,ann,decision tree,knn,linearSVM,logistic regression,random forrest
0,0.2785630916872001,0.362339514978602,0.4183633769939048,0.5071975100505771,0.41991959538321877,0.345739852159253,0.41641810400726237
