,adaboost,ann,decision tree,knn,linearSVM,logistic regression,random forrest
0,0.13414634146341464,0.08536585365853659,0.07707317073170732,0.08682926829268292,0.11756097560975609,0.08292682926829269,0.08341463414634147
