,adaboost,ann,decision tree,knn,linearSVM,logistic regression,random forrest
0,0.18181818181818182,0.25,0.2159090909090909,0.20454545454545456,0.2159090909090909,0.20454545454545456,0.20454545454545456
