,adaboost,ann,decision tree,knn,linearSVM,logistic regression,random forrest
0,0.04674556213017751,0.12840236686390533,0.08284023668639054,0.11538461538461539,0.14852071005917158,0.1467455621301775,0.10118343195266272
