,adaboost,ann,decision tree,knn,linearSVM,logistic regression,random forrest
0,0.17142857142857143,0.24,0.18285714285714286,0.29714285714285715,0.2857142857142857,0.24571428571428572,0.19428571428571428
