,adaboost,ann,decision tree,knn,linearSVM,logistic regression,random forrest
0,0.5085258525852585,0.5024752475247525,0.5068756875687569,0.5044004400440044,0.528052805280528,0.522002200220022,0.5107260726072608
