,adaboost,ann,decision tree,knn,linearSVM,logistic regression,random forrest
0,0.5820605387392391,0.5712302138294918,0.5554012774229381,0.5656762010552624,0.613996112191058,0.5998333796167731,0.5767842266037212
