,adaboost,ann,decision tree,knn,linearSVM,logistic regression,random forrest
0,0.48,0.48,0.4866666666666667,0.49333333333333335,0.5333333333333333,0.48,0.5266666666666666
