,adaboost,ann,decision tree,knn,linearSVM,logistic regression,random forrest
0,0.580952380952381,0.5619047619047619,0.4857142857142857,0.5523809523809524,0.5523809523809524,0.5523809523809524,0.5714285714285714
