,adaboost,ann,decision tree,knn,linearSVM,logistic regression,random forrest
0,0.2305194805194805,0.18506493506493507,0.19480519480519481,0.21103896103896103,0.22077922077922077,0.21103896103896103,0.18181818181818182
