,adaboost,ann,decision tree,knn,linearSVM,logistic regression,random forrest
0,0.16,0.19090909090909092,0.1618181818181818,0.15818181818181817,0.19454545454545455,0.19090909090909092,0.16
