,adaboost,ann,decision tree,knn,linearSVM,logistic regression,random forrest
0,0.08888888888888889,0.07727272727272727,0.07525252525252525,0.07575757575757576,0.07323232323232323,0.06565656565656566,0.07525252525252525
