,adaboost,ann,decision tree,knn,linearSVM,logistic regression,random forrest
0,0.5889212827988338,0.6141885325558795,0.5714285714285714,0.6054421768707483,0.6297376093294461,0.6103012633624878,0.6103012633624878
