,adaboost,ann,decision tree,knn,linearSVM,logistic regression,random forrest
0,0.45066666666666666,0.528,0.456,0.5146666666666667,0.5733333333333334,0.5653333333333334,0.488
