,adaboost,ann,decision tree,knn,linearSVM,logistic regression,random forrest
0,0.6065573770491803,0.5245901639344263,0.5409836065573771,0.5081967213114754,0.5737704918032787,0.5081967213114754,0.639344262295082
