,adaboost,ann,decision tree,knn,linearSVM,logistic regression,random forrest
0,0.1780821917808219,0.1095890410958904,0.2054794520547945,0.1643835616438356,0.2465753424657534,0.1643835616438356,0.1917808219178082
