,adaboost,ann,decision tree,knn,linearSVM,logistic regression,random forrest
0,0.1466950959488273,0.11257995735607676,0.11513859275053305,0.14072494669509594,0.11855010660980811,0.10618336886993604,0.11812366737739873
