,adaboost,ann,decision tree,knn,linearSVM,logistic regression,random forrest
0,0.43333333333333335,0.65,0.5833333333333334,0.6833333333333333,0.7333333333333333,0.6666666666666666,0.4666666666666667
