,adaboost,ann,decision tree,knn,linearSVM,logistic regression,random forrest
0,0.5013157894736842,0.4697368421052632,0.2855263157894737,0.38552631578947366,0.5092105263157894,0.5026315789473684,0.40921052631578947
