,adaboost,ann,decision tree,knn,linearSVM,logistic regression,random forrest
0,0.5583333333333333,0.5333333333333333,0.575,0.48333333333333334,0.5066666666666667,0.51,0.5133333333333333
