,adaboost,ann,decision tree,knn,linearSVM,logistic regression,random forrest
0,0.2656641604010025,0.2756892230576441,0.2832080200501253,0.2656641604010025,0.3533834586466165,0.2781954887218045,0.22556390977443608
