,adaboost,ann,decision tree,knn,linearSVM,logistic regression,random forrest
0,0.481629392971246,0.48961661341853036,0.48562300319488816,0.48881789137380194,0.48003194888178913,0.48881789137380194,0.5
