,adaboost,ann,decision tree,knn,linearSVM,logistic regression,random forrest
0,0.056997455470737916,0.1633587786259542,0.06768447837150127,0.1267175572519084,0.2198473282442748,0.18676844783715013,0.09872773536895674
