,adaboost,ann,decision tree,knn,linearSVM,logistic regression,random forrest
0,0.04885496183206107,0.13842239185750635,0.06768447837150127,0.11603053435114503,0.22391857506361323,0.178117048346056,0.09720101781170483
