,adaboost,ann,decision tree,knn,linearSVM,logistic regression,random forrest
0,0.43333333333333335,0.43333333333333335,0.36666666666666664,0.43333333333333335,0.4,0.4666666666666667,0.5666666666666667
