,adaboost,ann,decision tree,knn,linearSVM,logistic regression,random forrest
0,0.1652892561983471,0.17355371900826447,0.1487603305785124,0.1487603305785124,0.17355371900826447,0.21074380165289255,0.19008264462809918
