,adaboost,ann,decision tree,knn,linearSVM,logistic regression,random forrest
0,0.6305361305361306,0.5745920745920746,0.5512820512820513,0.585081585081585,0.6177156177156177,0.6165501165501166,0.5722610722610723
