,adaboost,ann,decision tree,knn,linearSVM,logistic regression,random forrest
0,0.10126582278481013,0.058544303797468354,0.05590717299578059,0.05063291139240506,0.10548523206751055,0.04746835443037975,0.06065400843881857
