,adaboost,ann,decision tree,knn,linearSVM,logistic regression,random forrest
0,0.11428571428571428,0.5333333333333333,0.4666666666666667,0.5333333333333333,0.6,0.6095238095238096,0.5428571428571428
