,adaboost,ann,decision tree,knn,linearSVM,logistic regression,random forrest
0,0.6288659793814433,0.6082474226804123,0.5189003436426117,0.6219931271477663,0.6666666666666666,0.6632302405498282,0.6151202749140894
