,adaboost,ann,decision tree,knn,linearSVM,logistic regression,random forrest
0,0.4975609756097561,0.7463414634146341,0.6878048780487804,0.7170731707317073,0.8390243902439024,0.8146341463414634,0.751219512195122
