,adaboost,ann,decision tree,knn,linearSVM,logistic regression,random forrest
0,0.4,0.432,0.424,0.3893333333333333,0.42933333333333334,0.4533333333333333,0.432
