,adaboost,ann,decision tree,knn,linearSVM,logistic regression,random forrest
0,0.32,0.39466666666666667,0.3546666666666667,0.39466666666666667,0.38666666666666666,0.37066666666666664,0.4266666666666667
