,adaboost,ann,decision tree,knn,linearSVM,logistic regression,random forrest
0,0.6722222222222223,0.6222222222222222,0.7611111111111111,0.55,0.6222222222222222,0.6277777777777778,0.5444444444444444
