,adaboost,ann,decision tree,knn,linearSVM,logistic regression,random forrest
0,0.025,0.2966666666666667,0.14833333333333334,0.255,0.30666666666666664,0.285,0.21166666666666667
