,adaboost,ann,decision tree,knn,linearSVM,logistic regression,random forrest
0,0.6133333333333333,0.6773333333333333,0.6133333333333333,0.6773333333333333,0.7173333333333334,0.648,0.7013333333333334
