,adaboost,ann,decision tree,knn,linearSVM,logistic regression,random forrest
0,0.5603357817418678,0.5445960125918153,0.5676810073452256,0.5697796432318992,0.614900314795383,0.5424973767051416,0.5152151101783841
