,adaboost,ann,decision tree,knn,linearSVM,logistic regression,random forrest
0,0.4841930116472546,0.47420965058236275,0.47088186356073214,0.4442595673876872,0.4292845257903494,0.4858569051580699,0.46256239600665555
