,adaboost,ann,decision tree,knn,linearSVM,logistic regression,random forrest
0,0.6345313258863526,0.6229966002914036,0.5762506070908208,0.6245750364254492,0.652622632345799,0.6528654686741137,0.6399951432734337
