,adaboost,ann,decision tree,knn,linearSVM,logistic regression,random forrest
0,0.6035889070146819,0.5921696574225123,0.5742251223491027,0.5872756933115824,0.5938009787928222,0.5709624796084829,0.5725938009787929
