,adaboost,ann,decision tree,knn,linearSVM,logistic regression,random forrest
0,0.16884422110552763,0.17386934673366833,0.18190954773869347,0.15879396984924624,0.1748743718592965,0.192964824120603,0.1849246231155779
