,adaboost,ann,decision tree,knn,linearSVM,logistic regression,random forrest
0,0.16666666666666666,0.53,0.4866666666666667,0.5566666666666666,0.53,0.52,0.5233333333333333
