,adaboost,ann,decision tree,knn,linearSVM,logistic regression,random forrest
0,0.45614035087719296,0.40350877192982454,0.5043859649122807,0.44298245614035087,0.4166666666666667,0.3684210526315789,0.5043859649122807
