,adaboost,ann,decision tree,knn,linearSVM,logistic regression,random forrest
0,0.35384615384615387,0.5923076923076923,0.45384615384615384,0.6,0.5923076923076923,0.5538461538461539,0.6076923076923076
