,adaboost,ann,decision tree,knn,linearSVM,logistic regression,random forrest
0,0.4978050921861282,0.44073748902546095,0.5021949078138718,0.47058823529411764,0.45215100965759436,0.44600526777875327,0.4942932396839333
