,adaboost,ann,decision tree,knn,linearSVM,logistic regression,random forrest
0,0.15298715801228363,0.1652707984366276,0.12897822445561138,0.1655499720826354,0.21105527638190955,0.20742601898380794,0.16024567280848687
