,adaboost,ann,decision tree,knn,linearSVM,logistic regression,random forrest
0,0.17895030709101062,0.19318816303740927,0.1538246789503071,0.1621998883305416,0.23059743160245672,0.2448352875488554,0.1655499720826354
