,adaboost,ann,decision tree,knn,linearSVM,logistic regression,random forrest
0,0.2869905080960357,0.3774427694025684,0.26521496370742603,0.35790061418202124,0.4120603015075377,0.3805136795086544,0.3324958123953099
