,adaboost,ann,decision tree,knn,linearSVM,logistic regression,random forrest
0,0.1756002233389168,0.2222222222222222,0.16945840312674484,0.20965940815187045,0.24064768285873814,0.23310999441652708,0.19570072585147963
