,adaboost,ann,decision tree,knn,linearSVM,logistic regression,random forrest
0,0.8827060350421804,0.8882219338092148,0.8423101881894873,0.8924399740428294,0.8934133679428943,0.8893575600259571,0.8872485399091499
