,adaboost,ann,decision tree,knn,linearSVM,logistic regression,random forrest
0,0.6851851851851852,0.7037037037037037,0.6481481481481481,0.6111111111111112,0.6666666666666666,0.6481481481481481,0.5555555555555556
