,adaboost,ann,decision tree,knn,linearSVM,logistic regression,random forrest
0,0.2115987460815047,0.13479623824451412,0.08934169278996865,0.15673981191222572,0.21316614420062696,0.1536050156739812,0.14576802507836992
