,adaboost,ann,decision tree,knn,linearSVM,logistic regression,random forrest
0,0.5524861878453039,0.5580110497237569,0.569060773480663,0.5911602209944752,0.574585635359116,0.5414364640883977,0.580110497237569
