,adaboost,ann,decision tree,knn,linearSVM,logistic regression,random forrest
0,0.3867403314917127,0.2983425414364641,0.2596685082872928,0.34806629834254144,0.43646408839779005,0.2596685082872928,0.3701657458563536
