,adaboost,ann,decision tree,knn,linearSVM,logistic regression,random forrest
0,0.49333333333333335,0.489,0.487,0.5,0.5046666666666667,0.49366666666666664,0.47533333333333333
